Date of news,News Headline,Source of news,Organizations,label,score,Week
2024-02-05 17:30:45+00:00,5 ways to make green hydrogen available around the world | World Economic Forum - World Economic Forum,https://news.google.com/rss/articles/CBMiQ2h0dHBzOi8vd3d3LndlZm9ydW0ub3JnL2FnZW5kYS8yMDI0LzAyL2dyZWVuLWh5ZHJvZ2VuLWdsb2JhbC10cmFkZS_SAQA?oc=5,"['Economic', 'Forum', 'Economic', 'Forum']",POSITIVE,0.997398853302002,2024-02-05/2024-02-11
2024-02-04 02:32:04+00:00,"Green hydrogen: Proposals for projects worth ₹2.70 trillion received, says energy minister - Hindustan Times",https://news.google.com/rss/articles/CBMiogFodHRwczovL3d3dy5oaW5kdXN0YW50aW1lcy5jb20vY2l0aWVzL2x1Y2tub3ctbmV3cy9ncmVlbi1oeWRyb2dlbi1wcm9wb3NhbHMtZm9yLXByb2plY3RzLXdvcnRoLXJzLTItNzAtdHJpbGxpb24tcmVjZWl2ZWQtc2F5cy1lbmVyZ3ktbWluaXN0ZXItMTAxNzA2OTg4NDYzNDMxLmh0bWzSAaYBaHR0cHM6Ly93d3cuaGluZHVzdGFudGltZXMuY29tL2NpdGllcy9sdWNrbm93LW5ld3MvZ3JlZW4taHlkcm9nZW4tcHJvcG9zYWxzLWZvci1wcm9qZWN0cy13b3J0aC1ycy0yLTcwLXRyaWxsaW9uLXJlY2VpdmVkLXNheXMtZW5lcmd5LW1pbmlzdGVyLTEwMTcwNjk4ODQ2MzQzMS1hbXAuaHRtbA?oc=5,"['##tan', 'Times']",POSITIVE,0.9727908372879028,2024-01-29/2024-02-04
2024-02-05 11:25:48+00:00,Abu Dhabi Department Of Economic Development And HYCAP Group Partner To Drive Green Hydrogen Innovation - SolarQuarter,https://news.google.com/rss/articles/CBMijAFodHRwczovL3NvbGFycXVhcnRlci5jb20vMjAyNC8wMi8wNS9hYnUtZGhhYmktZGVwYXJ0bWVudC1vZi1lY29ub21pYy1kZXZlbG9wbWVudC1hbmQtaHljYXAtZ3JvdXAtcGFydG5lci10by1kcml2ZS1ncmVlbi1oeWRyb2dlbi1pbm5vdmF0aW9uL9IBAA?oc=5,"['Dhabi', 'Department', 'Of', 'Economic', 'Development', '##Y', '##CA', '##P', 'Group', '##gen', 'Innovation', '##Q', '##ua']",POSITIVE,0.9944813251495361,2024-02-05/2024-02-11
2024-02-04 19:15:00+00:00,IIPE in Visakhapatnam launches a pilot project to produce green hydrogen using NTPC’s desalinated water - The Hindu,https://news.google.com/rss/articles/CBMirQFodHRwczovL3d3dy50aGVoaW5kdS5jb20vbmV3cy9jaXRpZXMvVmlzYWtoYXBhdG5hbS9paXBlLWluLXZpc2FraGFwYXRuYW0tbGF1bmNoZXMtYS1waWxvdC1wcm9qZWN0LXRvLXByb2R1Y2UtZ3JlZW4taHlkcm9nZW4tdXNpbmctbnRwY3MtZGVzYWxpbmF0ZWQtd2F0ZXIvYXJ0aWNsZTY3ODExMjUwLmVjZdIBsgFodHRwczovL3d3dy50aGVoaW5kdS5jb20vbmV3cy9jaXRpZXMvVmlzYWtoYXBhdG5hbS9paXBlLWluLXZpc2FraGFwYXRuYW0tbGF1bmNoZXMtYS1waWxvdC1wcm9qZWN0LXRvLXByb2R1Y2UtZ3JlZW4taHlkcm9nZW4tdXNpbmctbnRwY3MtZGVzYWxpbmF0ZWQtd2F0ZXIvYXJ0aWNsZTY3ODExMjUwLmVjZS9hbXAv?oc=5,"['##P', '##E', '##TP', '##C']",POSITIVE,0.9057272672653198,2024-01-29/2024-02-04
2024-02-05 10:00:10+00:00,MNRE Launches Pilot Projects to Implement Green Hydrogen in Steel Industry - Mercom India,https://news.google.com/rss/articles/CBMiO2h0dHBzOi8vbWVyY29taW5kaWEuY29tL21ucmUtcGlsb3QtaW1wbGVtZW50LWh5ZHJvZ2VuLXN0ZWVs0gEA?oc=5,"['##NR', '##E', 'Launch', 'Projects', 'Industry', '##rc', '##om', 'India']",POSITIVE,0.9935939908027649,2024-02-05/2024-02-11
2024-02-05 14:09:42+00:00,MNRE releases guidelines for pilot projects on use of green hydrogen in shipping sector - Press Trust of India,https://news.google.com/rss/articles/CBMihgFodHRwczovL3d3dy5wdGluZXdzLmNvbS9zdG9yeS9idXNpbmVzcy9tbnJlLXJlbGVhc2VzLWd1aWRlbGluZXMtZm9yLXBpbG90LXByb2plY3RzLW9uLXVzZS1vZi1ncmVlbi1oeWRyb2dlbi1pbi1zaGlwcGluZy1zZWN0b3IvMTI2MjIzNNIBAA?oc=5,"['##NR', '##E', 'Trust', 'of', 'India']",NEGATIVE,0.802383303642273,2024-02-05/2024-02-11
2024-02-05 05:52:59+00:00,The Hydrogen Stream: Reliance Industries to convert existing 5000 ICE trucks to run on green hydrogen by mid-2024 - pv magazine India,https://news.google.com/rss/articles/CBMingFodHRwczovL3d3dy5wdi1tYWdhemluZS1pbmRpYS5jb20vMjAyNC8wMi8wNS90aGUtaHlkcm9nZW4tc3RyZWFtLXJlbGlhbmNlLWluZHVzdHJpZXMtdG8tY29udmVydC1leGlzdGluZy01MDAwLWljZS10cnVja3MtdG8tcnVuLW9uLWdyZWVuLWh5ZHJvZ2VuLWJ5LW1pZC0yMDI0L9IBAA?oc=5,"['##liance', 'Industries']",NEGATIVE,0.6181268095970154,2024-02-05/2024-02-11
2024-02-03 09:42:33+00:00,Disinvestment-bound SCI to spearhead govt’s Green Hydrogen scheme in shipping - PSU Watch,https://news.google.com/rss/articles/CBMibWh0dHBzOi8vcHN1d2F0Y2guY29tL25ld3N1cGRhdGVzL2Rpc2ludmVzdG1lbnQtYm91bmQtc2NpLXRvLXNwZWFyaGVhZC1nb3Z0cy1ncmVlbi1oeWRyb2dlbi1zY2hlbWUtaW4tc2hpcHBpbmfSAXdodHRwczovL3BzdXdhdGNoLmNvbS9hbXAvc3RvcnkvbmV3c3VwZGF0ZXMvZGlzaW52ZXN0bWVudC1ib3VuZC1zY2ktdG8tc3BlYXJoZWFkLWdvdnRzLWdyZWVuLWh5ZHJvZ2VuLXNjaGVtZS1pbi1zaGlwcGluZw?oc=5,"['##U', 'Watch']",NEGATIVE,0.9864374399185181,2024-01-29/2024-02-04
2024-02-05 08:37:00+00:00,Green hydrogen in shipping | India outlines funding to retrofit existing vessels and install ammonia fuelling at ports - Hydrogen Insight,https://news.google.com/rss/articles/CBMiqgFodHRwczovL3d3dy5oeWRyb2dlbmluc2lnaHQuY29tL3RyYW5zcG9ydC9ncmVlbi1oeWRyb2dlbi1pbi1zaGlwcGluZy1pbmRpYS1vdXRsaW5lcy1mdW5kaW5nLXRvLXJldHJvZml0LWV4aXN0aW5nLXZlc3NlbHMtYW5kLWluc3RhbGwtYW1tb25pYS1mdWVsbGluZy1hdC1wb3J0cy8yLTEtMTU5MzE4M9IBAA?oc=5,"['##gen', 'In', '##sight']",POSITIVE,0.8256041407585144,2024-02-05/2024-02-11
2024-02-02 08:00:00+00:00,"Reliance Industries to convert its 5,000 ICE trucks to green hydrogen-powered H2ICE trucks by mid-2024 - Autocar Professional",https://news.google.com/rss/articles/CBMiiwFodHRwczovL3d3dy5hdXRvY2FycHJvLmluL25ld3MvcmVsaWFuY2UtaW5kdXN0cmllcy10by1jb252ZXJ0LWl0cy01MDAwLWljZS10cnVja3MtdG8tZ3JlZW4taHlkcm9nZW4tcG93ZXJlZC1oMmljZS10cnVja3MtYnktbWlkLTIwMjQtMTE5MDEy0gGRAWh0dHBzOi8vd3d3LmF1dG9jYXJwcm8uaW4vbmV3cy9yZWxpYW5jZS1pbmR1c3RyaWVzLXRvLWNvbnZlcnQtaXRzLTUwMDAtaWNlLXRydWNrcy10by1ncmVlbi1oeWRyb2dlbi1wb3dlcmVkLWgyaWNlLXRydWNrcy1ieS1taWQtMjAyNC0xMTkwMTI_YW1wPTE?oc=5,"['##liance', 'Industries', '##CE']",NEGATIVE,0.7836101651191711,2024-01-29/2024-02-04
2024-02-06 08:02:20+00:00,"India Energy Week: Modi says nation set to become green hydrogen production, export hub - Moneycontrol",https://news.google.com/rss/articles/CBMijgFodHRwczovL3d3dy5tb25leWNvbnRyb2wuY29tL25ld3MvYnVzaW5lc3MvaW5kaWEtZW5lcmd5LXdlZWstbW9kaS1zYXlzLW5hdGlvbi1zZXQtdG8tYmVjb21lLWdyZWVuLWh5ZHJvZ2VuLXByb2R1Y3Rpb24tZXhwb3J0LWh1Yi0xMjIwMjQ5MS5odG1s0gGSAWh0dHBzOi8vd3d3Lm1vbmV5Y29udHJvbC5jb20vbmV3cy9idXNpbmVzcy9pbmRpYS1lbmVyZ3ktd2Vlay1tb2RpLXNheXMtbmF0aW9uLXNldC10by1iZWNvbWUtZ3JlZW4taHlkcm9nZW4tcHJvZHVjdGlvbi1leHBvcnQtaHViLTEyMjAyNDkxLmh0bWwvYW1w?oc=5,"['##con', '##tro']",POSITIVE,0.9818270802497864,2024-02-05/2024-02-11
2024-02-06 05:39:46+00:00,Kraft Heinz Partners With Carlton Power to Deliver Green Hydrogen Project in UK - Europe - Energetica India ,https://news.google.com/rss/articles/CBMidWh0dHBzOi8vd3d3LmVuZXJnZXRpY2EtaW5kaWEubmV0L25ld3Mva3JhZnQtaGVpbnotcGFydG5lcnMtd2l0aC1jYXJsdG9uLXBvd2VyLXRvLWRlbGl2ZXItZ3JlZW4taHlkcm9nZW4tcHJvamVjdC1pbi11a9IBAA?oc=5,"['##raft', 'Heinz', 'Partners', 'Power', 'H', '##ydro', '##gen', 'Project', '##er', '##get', '##ica', 'India']",POSITIVE,0.9957938194274902,2024-02-05/2024-02-11
2024-02-06 04:36:29+00:00,Daily News Wrap-Up: MNRE to Implement Green Hydrogen in Steel Industry - Mercom India,https://news.google.com/rss/articles/CBMiT2h0dHBzOi8vd3d3Lm1lcmNvbWluZGlhLmNvbS9kYWlseS1uZXdzLXdyYXAtdXAtbW5yZS10by1pbXBsZW1lbnQtZ3JlZW4taHlkcm9nZW7SAQA?oc=5,"['News', '##NR', '##E', 'Industry', '##rc', '##om', 'India']",POSITIVE,0.9703372120857239,2024-02-05/2024-02-11
2024-02-05 11:23:34+00:00,Govt allocates Rs 455 crore for green hydrogen pilot projects in steel sector - ETEnergyWorld,https://news.google.com/rss/articles/CBMiiQFodHRwczovL2VuZXJneS5lY29ub21pY3RpbWVzLmluZGlhdGltZXMuY29tL25ld3MvcmVuZXdhYmxlL2dvdnQtYWxsb2NhdGVzLXJzLTQ1NS1jcm9yZS1mb3ItZ3JlZW4taHlkcm9nZW4tdXNhZ2UtaW4tc3RlZWwtc2VjdG9yLzEwNzQyOTMxNNIBAA?oc=5,"['##E', '##ner', '##gy', '##W', '##or', '##ld']",NEGATIVE,0.8597624897956848,2024-02-05/2024-02-11
2024-02-06 06:48:06+00:00,Kraft Heinz Announces Plans for Maiden Green Hydrogen Facility to Fuel UK Operations - ChemAnalyst,https://news.google.com/rss/articles/CBMijwFodHRwczovL3d3dy5jaGVtYW5hbHlzdC5jb20vTmV3c0FuZERlYWxzL05ld3NEZXRhaWxzL2tyYWZ0LWhlaW56LWFubm91bmNlcy1wbGFucy1mb3ItbWFpZGVuLWdyZWVuLWh5ZHJvZ2VuLWZhY2lsaXR5LXRvLWZ1ZWwtdWstb3BlcmF0aW9ucy0yNTAwMdIBAA?oc=5,"['##raft', 'Heinz', 'UK', '##em', '##A', '##nal', '##ys', '##t']",NEGATIVE,0.5006069540977478,2024-02-05/2024-02-11
2024-02-05 22:13:34+00:00,Maire awarded FEED contract for integrated green hydrogen and ammonia plant in Portugal - ChemEngOnline,https://news.google.com/rss/articles/CBMidmh0dHBzOi8vd3d3LmNoZW1lbmdvbmxpbmUuY29tL21haXJlLWF3YXJkZWQtZmVlZC1jb250cmFjdC1mb3ItaW50ZWdyYXRlZC1ncmVlbi1oeWRyb2dlbi1hbmQtYW1tb25pYS1wbGFudC1pbi1wb3J0dWdhbC_SAQA?oc=5,"['##D', '##em', '##E', '##ng', '##O', '##n']",POSITIVE,0.7644488215446472,2024-02-05/2024-02-11
2024-02-05 13:59:55+00:00,India rolls out program to support green hydrogen ship retrofits - Offshore Energy,https://news.google.com/rss/articles/CBMiYWh0dHBzOi8vd3d3Lm9mZnNob3JlLWVuZXJneS5iaXovaW5kaWEtcm9sbHMtb3V0LXByb2dyYW0tdG8tc3VwcG9ydC1ncmVlbi1oeWRyb2dlbi1zaGlwLXJldHJvZml0cy_SAQA?oc=5,"['##shore', 'Energy']",NEGATIVE,0.9803147315979004,2024-02-05/2024-02-11
2024-02-02 12:50:00+00:00,"Budget 2024: Rooftop solar, green hydrogen push — experts discuss initiatives to charge up renewable energy sector | Mint - Mint",https://news.google.com/rss/articles/CBMiqwFodHRwczovL3d3dy5saXZlbWludC5jb20vaW5kdXN0cnkvZW5lcmd5L2J1ZGdldC0yMDI0LXJvb2Z0b3Atc29sYXItZ3JlZW4taHlkcm9nZW4tcHVzaC1leHBlcnRzLWRpc2N1c3MtaW5pdGlhdGl2ZXMtdG8tY2hhcmdlLXVwLXJlbmV3YWJsZS1lbmVyZ3ktc2VjdG9yLTExNzA2ODcwMzY1Njc1Lmh0bWzSAa8BaHR0cHM6Ly93d3cubGl2ZW1pbnQuY29tL2luZHVzdHJ5L2VuZXJneS9idWRnZXQtMjAyNC1yb29mdG9wLXNvbGFyLWdyZWVuLWh5ZHJvZ2VuLXB1c2gtZXhwZXJ0cy1kaXNjdXNzLWluaXRpYXRpdmVzLXRvLWNoYXJnZS11cC1yZW5ld2FibGUtZW5lcmd5LXNlY3Rvci9hbXAtMTE3MDY4NzAzNjU2NzUuaHRtbA?oc=5,[],POSITIVE,0.9024056792259216,2024-01-29/2024-02-04
2024-02-06 09:02:53+00:00,AMPO and GRZ Technologies form hydrogen storage partnership - Energy Global,https://news.google.com/rss/articles/CBMic2h0dHBzOi8vd3d3LmVuZXJneWdsb2JhbC5jb20vb3RoZXItcmVuZXdhYmxlcy8wNjAyMjAyNC9hbXBvLWFuZC1ncnotdGVjaG5vbG9naWVzLWZvcm0taHlkcm9nZW4tc3RvcmFnZS1wYXJ0bmVyc2hpcC_SAQA?oc=5,"['##PO', '##R', '##Z', 'Technologies', 'Global']",POSITIVE,0.9974519610404968,2024-02-05/2024-02-11
2024-02-05 11:53:26+00:00,India plans green hydrogen pilot projects in shipping and steel - H2 View,https://news.google.com/rss/articles/CBMibmh0dHBzOi8vd3d3LmgyLXZpZXcuY29tL3N0b3J5L2luZGlhLXBsYW5zLWdyZWVuLWh5ZHJvZ2VuLXBpbG90LXByb2plY3RzLWluLXNoaXBwaW5nLWFuZC1zdGVlbC8yMTA1NjIzLmFydGljbGUv0gEA?oc=5,[],POSITIVE,0.9594845175743103,2024-02-05/2024-02-11
2024-02-01 13:17:21+00:00,"Rs 11,500 crore outlay: Budget 2024 adds spark to wind & solar energy, green hydrogen projects - Business Today",https://news.google.com/rss/articles/CBMimwFodHRwczovL3d3dy5idXNpbmVzc3RvZGF5LmluL3VuaW9uLWJ1ZGdldC9zdG9yeS9ycy0xMTUwMC1jcm9yZS1vdXRsYXktYnVkZ2V0LTIwMjQtYWRkcy1zcGFyay10by13aW5kLXNvbGFyLWVuZXJneS1ncmVlbi1oeWRyb2dlbi1wcm9qZWN0cy00MTU4NTYtMjAyNC0wMi0wMdIBnwFodHRwczovL3d3dy5idXNpbmVzc3RvZGF5LmluL2FtcC91bmlvbi1idWRnZXQvc3RvcnkvcnMtMTE1MDAtY3JvcmUtb3V0bGF5LWJ1ZGdldC0yMDI0LWFkZHMtc3BhcmstdG8td2luZC1zb2xhci1lbmVyZ3ktZ3JlZW4taHlkcm9nZW4tcHJvamVjdHMtNDE1ODU2LTIwMjQtMDItMDE?oc=5,[],POSITIVE,0.9986050724983215,2024-01-29/2024-02-04
2024-02-05 20:34:41+00:00,India - Government issues Pilot Project Guidelines for utilizing Green Hydrogen in Steel Sector - Hydrogen Central,https://news.google.com/rss/articles/CBMie2h0dHBzOi8vaHlkcm9nZW4tY2VudHJhbC5jb20vaW5kaWEtZ292ZXJubWVudC1pc3N1ZXMtcGlsb3QtcHJvamVjdC1ndWlkZWxpbmVzLWZvci11dGlsaXppbmctZ3JlZW4taHlkcm9nZW4taW4tc3RlZWwtc2VjdG9yL9IBAA?oc=5,"['Sector', '##gen', 'Central']",NEGATIVE,0.9228766560554504,2024-02-05/2024-02-11
2024-02-05 14:14:14+00:00,"Mangaluru: Green hydrogen, coal bleaching are best choice for clean energy - Minister K J George - Daijiworld.com",https://news.google.com/rss/articles/CBMiOmh0dHBzOi8vd3d3LmRhaWppd29ybGQuY29tL25ld3MvbmV3c0Rpc3BsYXk_bmV3c0lEPTExNjUwMDnSAQA?oc=5,"['##ji', '##world']",POSITIVE,0.9820538759231567,2024-02-05/2024-02-11
2024-02-05 14:04:49+00:00,"MC Explainer: New guidelines, challenges for using green hydrogen in steel industry - Moneycontrol",https://news.google.com/rss/articles/CBMiigFodHRwczovL3d3dy5tb25leWNvbnRyb2wuY29tL25ld3MvYnVzaW5lc3MvbWMtZXhwbGFpbmVyLW5ldy1ndWlkZWxpbmVzLWNoYWxsZW5nZXMtZm9yLXVzaW5nLWdyZWVuLWh5ZHJvZ2VuLWluLXN0ZWVsLWluZHVzdHJ5LTEyMTk0NjgxLmh0bWzSAY4BaHR0cHM6Ly93d3cubW9uZXljb250cm9sLmNvbS9uZXdzL2J1c2luZXNzL21jLWV4cGxhaW5lci1uZXctZ3VpZGVsaW5lcy1jaGFsbGVuZ2VzLWZvci11c2luZy1ncmVlbi1oeWRyb2dlbi1pbi1zdGVlbC1pbmR1c3RyeS0xMjE5NDY4MS5odG1sL2FtcA?oc=5,"['##con', '##tro']",NEGATIVE,0.9614275097846985,2024-02-05/2024-02-11
2024-02-06 08:02:52+00:00,"IEW 2024: Rooftop solar in one crore households to create huge investment potential in solar value chain, says PM Modi - ETEnergyWorld",https://news.google.com/rss/articles/CBMiuQFodHRwczovL2VuZXJneS5lY29ub21pY3RpbWVzLmluZGlhdGltZXMuY29tL25ld3MvcmVuZXdhYmxlL2lldy0yMDI0LXJvb2Z0b3Atc29sYXItaW4tb25lLWNyb3JlLWhvdXNlaG9sZHMtdG8tY3JlYXRlLWh1Z2UtaW52ZXN0bWVudC1wb3RlbnRpYWwtaW4tc29sYXItdmFsdWUtY2hhaW4tc2F5cy1wbS1tb2RpLzEwNzQ1Mjc2NdIBAA?oc=5,"['##E', '##W', '##E', '##ner', '##gy', '##W', '##or', '##ld']",POSITIVE,0.9941748976707458,2024-02-05/2024-02-11
2024-02-02 17:35:36+00:00,Govt allocates Rs 115 crore for green hydrogen pilot in shipping sector: MNRE - ETEnergyWorld,https://news.google.com/rss/articles/CBMikQFodHRwczovL2VuZXJneS5lY29ub21pY3RpbWVzLmluZGlhdGltZXMuY29tL25ld3MvcmVuZXdhYmxlL2dvdnQtYWxsb2NhdGVzLXJzLTExNS1jcm9yZS1mb3ItZ3JlZW4taHlkcm9nZW4tcGlsb3QtaW4tc2hpcHBpbmctc2VjdG9yLW1ucmUvMTA3MzcwMDk00gEA?oc=5,"['##E', '##E', '##ner', '##gy', '##W', '##or', '##ld']",NEGATIVE,0.9437766671180725,2024-01-29/2024-02-04
2024-02-04 10:13:01+00:00,Govt shares guidelines for Green Hydrogen Pilot Projects in steel sector - Moneycontrol,https://news.google.com/rss/articles/CBMigQFodHRwczovL3d3dy5tb25leWNvbnRyb2wuY29tL25ld3MvYnVzaW5lc3MvZ292dC1zaGFyZXMtZ3VpZGVsaW5lcy1mb3ItZ3JlZW4taHlkcm9nZW4tcGlsb3QtcHJvamVjdHMtaW4tc3RlZWwtc2VjdG9yLTEyMTg5MDgxLmh0bWzSAYUBaHR0cHM6Ly93d3cubW9uZXljb250cm9sLmNvbS9uZXdzL2J1c2luZXNzL2dvdnQtc2hhcmVzLWd1aWRlbGluZXMtZm9yLWdyZWVuLWh5ZHJvZ2VuLXBpbG90LXByb2plY3RzLWluLXN0ZWVsLXNlY3Rvci0xMjE4OTA4MS5odG1sL2FtcA?oc=5,"['H', '##ydro', '##gen', 'Pilot', 'Projects', '##con', '##tro']",NEGATIVE,0.8701213002204895,2024-01-29/2024-02-04
2024-02-02 17:51:25+00:00,MNRE issues guidelines for pilot projects implementing Green Hydrogen in steel sector - CNBCTV18,https://news.google.com/rss/articles/CBMihwFodHRwczovL3d3dy5jbmJjdHYxOC5jb20vZW52aXJvbm1lbnQvbW5yZS1pc3N1ZXMtZ3VpZGVsaW5lcy1mb3ItcGlsb3QtcHJvamVjdHMtaW1wbGVtZW50aW5nLWdyZWVuLWh5ZHJvZ2VuLWluLXN0ZWVsLXNlY3Rvci0xODk2NTM4MS5odG3SAYsBaHR0cHM6Ly93d3cuY25iY3R2MTguY29tL2Vudmlyb25tZW50L21ucmUtaXNzdWVzLWd1aWRlbGluZXMtZm9yLXBpbG90LXByb2plY3RzLWltcGxlbWVudGluZy1ncmVlbi1oeWRyb2dlbi1pbi1zdGVlbC1zZWN0b3ItMTg5NjUzODEuaHRtL2FtcA?oc=5,"['##NR', '##E', '##NBC', '##TV']",NEGATIVE,0.9788070917129517,2024-01-29/2024-02-04
2024-02-02 01:30:00+00:00,Budget 2024: Green hydrogen’s allocation rises by whopping 102 per cent - ETEnergyWorld,https://news.google.com/rss/articles/CBMiigFodHRwczovL2VuZXJneS5lY29ub21pY3RpbWVzLmluZGlhdGltZXMuY29tL25ld3MvcmVuZXdhYmxlL2J1ZGdldC0yMDI0LWdyZWVuLWh5ZHJvZ2Vucy1hbGxvY2F0aW9uLXJpc2VzLWJ5LXdob3BwaW5nLTEwMi1wZXItY2VudC8xMDczMzIzMjHSAQA?oc=5,"['##E', '##ner', '##gy', '##W', '##or']",NEGATIVE,0.6374533772468567,2024-01-29/2024-02-04
2024-02-05 08:09:57+00:00,NGEL Partners with Maharashtra Government for Green Hydrogen Project Development - SolarQuarter,https://news.google.com/rss/articles/CBMidWh0dHBzOi8vc29sYXJxdWFydGVyLmNvbS8yMDI0LzAyLzA1L25nZWwtcGFydG5lcnMtd2l0aC1tYWhhcmFzaHRyYS1nb3Zlcm5tZW50LWZvci1ncmVlbi1oeWRyb2dlbi1wcm9qZWN0LWRldmVsb3BtZW50L9IBAA?oc=5,"['##GE', '##L', 'Partners', 'Government', 'H', '##ydro', '##gen', 'Project', '##Q', '##ua', '##rter']",POSITIVE,0.9723606705665588,2024-02-05/2024-02-11
2024-02-02 15:34:56+00:00,Govt launches pilot project on use of green hydrogen in shipping - Moneycontrol,https://news.google.com/rss/articles/CBMieWh0dHBzOi8vd3d3Lm1vbmV5Y29udHJvbC5jb20vbmV3cy9idXNpbmVzcy9nb3Z0LWxhdW5jaGVzLXBpbG90LXByb2plY3Qtb24tdXNlLW9mLWdyZWVuLWh5ZHJvZ2VuLWluLXNoaXBwaW5nLTEyMTgzOTgxLmh0bWzSAX1odHRwczovL3d3dy5tb25leWNvbnRyb2wuY29tL25ld3MvYnVzaW5lc3MvZ292dC1sYXVuY2hlcy1waWxvdC1wcm9qZWN0LW9uLXVzZS1vZi1ncmVlbi1oeWRyb2dlbi1pbi1zaGlwcGluZy0xMjE4Mzk4MS5odG1sL2FtcA?oc=5,['##con'],POSITIVE,0.5659545063972473,2024-01-29/2024-02-04
2024-02-02 03:01:00+00:00,‘Gujarat can lead world in green hydrogen’ - Times of India,https://news.google.com/rss/articles/CBMihAFodHRwczovL3RpbWVzb2ZpbmRpYS5pbmRpYXRpbWVzLmNvbS9jaXR5L2FobWVkYWJhZC9ndWphcmF0LWNhbi1sZWFkLXRoZS13b3JsZC1pbi1ncmVlbi1oeWRyb2dlbi1wcm9kdWN0aW9uL2FydGljbGVzaG93LzEwNzM0MDI3Ni5jbXPSAYgBaHR0cHM6Ly90aW1lc29maW5kaWEuaW5kaWF0aW1lcy5jb20vY2l0eS9haG1lZGFiYWQvZ3VqYXJhdC1jYW4tbGVhZC10aGUtd29ybGQtaW4tZ3JlZW4taHlkcm9nZW4tcHJvZHVjdGlvbi9hbXBfYXJ0aWNsZXNob3cvMTA3MzQwMjc2LmNtcw?oc=5,"['of', 'India']",POSITIVE,0.9956700801849365,2024-01-29/2024-02-04
2024-02-03 05:29:53+00:00,Green Hydrogen Revolution in Indian Steel: National Mission Unleashes Promising Pilot Initiatives - SolarQuarter,https://news.google.com/rss/articles/CBMihQFodHRwczovL3NvbGFycXVhcnRlci5jb20vMjAyNC8wMi8wMy9ncmVlbi1oeWRyb2dlbi1yZXZvbHV0aW9uLWluLWluZGlhbi1zdGVlbC1uYXRpb25hbC1taXNzaW9uLXVubGVhc2hlcy1wcm9taXNpbmctcGlsb3QtaW5pdGlhdGl2ZXMv0gEA?oc=5,"['Steel', 'Mission', '##Q', '##ua']",POSITIVE,0.9993582367897034,2024-01-29/2024-02-04
2024-02-05 12:31:58+00:00,How is the Adoption of Fuel Cell Technology Shaping the Future of Green Hydrogen in India's Renewable Energy Sector - CXOToday.com,https://news.google.com/rss/articles/CBMikQFodHRwczovL2N4b3RvZGF5LmNvbS9zcGVjaWFscy9ob3ctaXMtdGhlLWFkb3B0aW9uLW9mLWZ1ZWwtY2VsbC10ZWNobm9sb2d5LXNoYXBpbmctdGhlLWZ1dHVyZS1vZi1ncmVlbi1oeWRyb2dlbi1pbi1pbmRpYXMtcmVuZXdhYmxlLWVuZXJneS1zZWN0b3Iv0gEA?oc=5,"['##X', '##OT', '##oda', '##y']",POSITIVE,0.9979037046432495,2024-02-05/2024-02-11
2024-01-26 08:00:00+00:00,India's Plans to Achieve Cost-Effective Green Hydrogen Production - India Briefing,https://news.google.com/rss/articles/CBMiamh0dHBzOi8vd3d3LmluZGlhLWJyaWVmaW5nLmNvbS9uZXdzL2luZGlhLXN0cml2ZXMtZm9yLWNvc3QtZWZmZWN0aXZlLWdyZWVuLWh5ZHJvZ2VuLXByb2R1Y3Rpb24tMzA4NzYuaHRtbC_SAQA?oc=5,[],POSITIVE,0.723976194858551,2024-01-22/2024-01-28
2024-02-02 16:51:47+00:00,MNRE releases guidelines on use of green hydrogen in shipping sector - Business Standard,https://news.google.com/rss/articles/CBMihQFodHRwczovL3d3dy5idXNpbmVzcy1zdGFuZGFyZC5jb20vaW5kaWEtbmV3cy9tbnJlLXJlbGVhc2VzLWd1aWRlbGluZXMtb24tdXNlLW9mLWdyZWVuLWh5ZHJvZ2VuLWluLXNoaXBwaW5nLXNlY3Rvci0xMjQwMjAyMDE1MTdfMS5odG1s0gGJAWh0dHBzOi8vd3d3LmJ1c2luZXNzLXN0YW5kYXJkLmNvbS9hbXAvaW5kaWEtbmV3cy9tbnJlLXJlbGVhc2VzLWd1aWRlbGluZXMtb24tdXNlLW9mLWdyZWVuLWh5ZHJvZ2VuLWluLXNoaXBwaW5nLXNlY3Rvci0xMjQwMjAyMDE1MTdfMS5odG1s?oc=5,"['##NR', '##E']",NEGATIVE,0.7998645901679993,2024-01-29/2024-02-04
2024-02-02 10:00:49+00:00,India Launches Pilot Projects for Green Hydrogen in Maritime Sector under National Mission - SolarQuarter,https://news.google.com/rss/articles/CBMif2h0dHBzOi8vc29sYXJxdWFydGVyLmNvbS8yMDI0LzAyLzAyL2luZGlhLWxhdW5jaGVzLXBpbG90LXByb2plY3RzLWZvci1ncmVlbi1oeWRyb2dlbi1pbi1tYXJpdGltZS1zZWN0b3ItdW5kZXItbmF0aW9uYWwtbWlzc2lvbi_SAQA?oc=5,"['Projects', 'H', '##ydro', '##gen', 'Mission', '##Q', '##ua', '##rter']",POSITIVE,0.9940658807754517,2024-01-29/2024-02-04
2024-02-06 00:00:00+00:00,Green Hydrogen Breakthrough Could Bring Heavy Industry Into The Zero-Carbon Era - OilPrice.com,https://news.google.com/rss/articles/CBMif2h0dHBzOi8vb2lscHJpY2UuY29tL0VuZXJneS9FbmVyZ3ktR2VuZXJhbC9HcmVlbi1IeWRyb2dlbi1CcmVha3Rocm91Z2gtQ291bGQtQnJpbmctSGVhdnktSW5kdXN0cnktSW50by1UaGUtWmVyby1DYXJib24tRXJhLmh0bWzSAYMBaHR0cHM6Ly9vaWxwcmljZS5jb20vRW5lcmd5L0VuZXJneS1HZW5lcmFsL0dyZWVuLUh5ZHJvZ2VuLUJyZWFrdGhyb3VnaC1Db3VsZC1CcmluZy1IZWF2eS1JbmR1c3RyeS1JbnRvLVRoZS1aZXJvLUNhcmJvbi1FcmEuYW1wLmh0bWw?oc=5,"['##P', '##rice', 'com']",POSITIVE,0.6283207535743713,2024-02-05/2024-02-11
2024-02-02 16:50:05+00:00,Steel and Port Ministries issue guidelines to incentivise hydrogen usage - BusinessLine,https://news.google.com/rss/articles/CBMiiwFodHRwczovL3d3dy50aGVoaW5kdWJ1c2luZXNzbGluZS5jb20vY29tcGFuaWVzL3N0ZWVsLWFuZC1wb3J0LW1pbmlzdHJpZXMtaXNzdWUtZ3VpZGVsaW5lcy10by1pbmNlbnRpdmlzZS1oeWRyb2dlbi11c2FnZS9hcnRpY2xlNjc4MDUzOTMuZWNl0gGQAWh0dHBzOi8vd3d3LnRoZWhpbmR1YnVzaW5lc3NsaW5lLmNvbS9jb21wYW5pZXMvc3RlZWwtYW5kLXBvcnQtbWluaXN0cmllcy1pc3N1ZS1ndWlkZWxpbmVzLXRvLWluY2VudGl2aXNlLWh5ZHJvZ2VuLXVzYWdlL2FydGljbGU2NzgwNTM5My5lY2UvYW1wLw?oc=5,"['and', 'Port', 'Mini', '##st', '##ries']",NEGATIVE,0.9790442585945129,2024-01-29/2024-02-04
2024-02-02 15:07:18+00:00,Centre offers Rs 115 crore support for retrofitting ships to run on Green Hydrogen - The Economic Times,https://news.google.com/rss/articles/CBMihwFodHRwczovL20uZWNvbm9taWN0aW1lcy5jb20vaW5kdXN0cnkvcmVuZXdhYmxlcy9jZW50cmUtdG8tc3VwcG9ydC1yZXRyb2ZpdHRpbmctc2hpcHMtdG8tcnVuLW9uLWdyZWVuLWh5ZHJvZ2VuL2FydGljbGVzaG93LzEwNzM2ODE5Ni5jbXPSAQA?oc=5,"['H', '##ydro', 'Economic', 'Times']",POSITIVE,0.9907241463661194,2024-01-29/2024-02-04
2024-02-02 11:06:23+00:00,"THDC Unveils Trailblazing Green Hydrogen Pilot Project in Uttarakhand, Pioneering Sustainable Energy Solutions - SolarQuarter",https://news.google.com/rss/articles/CBMikgFodHRwczovL3NvbGFycXVhcnRlci5jb20vMjAyNC8wMi8wMi90aGRjLXVudmVpbHMtdHJhaWxibGF6aW5nLWdyZWVuLWh5ZHJvZ2VuLXBpbG90LXByb2plY3QtaW4tdXR0YXJha2hhbmQtcGlvbmVlcmluZy1zdXN0YWluYWJsZS1lbmVyZ3ktc29sdXRpb25zL9IBAA?oc=5,"['##HD', '##C', '##bla', 'Green', 'H', '##ydro', '##gen', 'Pilot', 'Project', '##ing', 'Sustainable', 'Energy', 'Solutions', '##Q', '##ua', '##rter']",POSITIVE,0.9993438124656677,2024-01-29/2024-02-04
2024-02-02 08:51:34+00:00,Jordan's Energy Minister Inks MoU For Green Hydrogen Project Feasibility Studies - SolarQuarter,https://news.google.com/rss/articles/CBMidGh0dHBzOi8vc29sYXJxdWFydGVyLmNvbS8yMDI0LzAyLzAyL2pvcmRhbnMtZW5lcmd5LW1pbmlzdGVyLWlua3MtbW91LWZvci1ncmVlbi1oeWRyb2dlbi1wcm9qZWN0LWZlYXNpYmlsaXR5LXN0dWRpZXMv0gEA?oc=5,"['Mo', '##U', 'For', 'Green', 'H', '##ydro', '##gen', 'Project', '##Q', '##ua']",POSITIVE,0.8142627477645874,2024-01-29/2024-02-04
2024-02-02 09:58:11+00:00,Lhyfe Commences Construction on 10-MW Green Hydrogen Facility in Germany - ChemAnalyst,https://news.google.com/rss/articles/CBMigwFodHRwczovL3d3dy5jaGVtYW5hbHlzdC5jb20vTmV3c0FuZERlYWxzL05ld3NEZXRhaWxzL2xoeWZlLWNvbW1lbmNlcy1jb25zdHJ1Y3Rpb24tb24tMTAtbXctZ3JlZW4taHlkcm9nZW4tZmFjaWxpdHktaW4tZ2VybWFueS0yNDk0NdIBAA?oc=5,"['##hy', '##fe', 'Co', '##mme', '##nces', 'Construction', 'H', '##ydro', '##gen', 'Facility', '##em', '##A', '##nal', '##ys', '##t']",POSITIVE,0.9424545764923096,2024-01-29/2024-02-04
2024-02-05 10:44:04+00:00,Govt greenlights pilot projects for Green Hydrogen in shipping sector - Construction World,https://news.google.com/rss/articles/CBMimAFodHRwczovL3d3dy5jb25zdHJ1Y3Rpb253b3JsZC5pbi90cmFuc3BvcnQtaW5mcmFzdHJ1Y3R1cmUvcG9ydHMtYW5kLXNoaXBwaW5nL2dvdnQtZ3JlZW5saWdodHMtcGlsb3QtcHJvamVjdHMtZm9yLWdyZWVuLWh5ZHJvZ2VuLWluLXNoaXBwaW5nLXNlY3Rvci81MDQ4NdIBAA?oc=5,"['H', '##ydro', '##gen', 'World']",POSITIVE,0.9244964718818665,2024-02-05/2024-02-11
2024-02-02 08:30:38+00:00,Semarak RE And PowerChina Join Forces For Malaysia's First Large-Scale Green Hydrogen Project - SolarQuarter,https://news.google.com/rss/articles/CBMigQFodHRwczovL3NvbGFycXVhcnRlci5jb20vMjAyNC8wMi8wMi9zZW1hcmFrLXJlLWFuZC1wb3dlcmNoaW5hLWpvaW4tZm9yY2VzLWZvci1tYWxheXNpYXMtZmlyc3QtbGFyZ2Utc2NhbGUtZ3JlZW4taHlkcm9nZW4tcHJvamVjdC_SAQA?oc=5,"['##mara', '##k', 'R', '##E', 'And', 'Power', '##C', '##hin', '##a', 'Jo', '##in', 'Forces', '##Q', '##ua', '##rter']",POSITIVE,0.9977623224258423,2024-01-29/2024-02-04
2024-02-03 03:38:07+00:00,Support for Ports and Portability to Green Hydrogen - ETAuto,https://news.google.com/rss/articles/CBMidWh0dHBzOi8vYXV0by5lY29ub21pY3RpbWVzLmluZGlhdGltZXMuY29tL25ld3MvaW5kdXN0cnkvc3VwcG9ydC1mb3ItcG9ydHMtYW5kLXBvcnRhYmlsaXR5LXRvLWdyZWVuLWh5ZHJvZ2VuLzEwNzM3NjQzNtIBeWh0dHBzOi8vYXV0by5lY29ub21pY3RpbWVzLmluZGlhdGltZXMuY29tL2FtcC9uZXdzL2luZHVzdHJ5L3N1cHBvcnQtZm9yLXBvcnRzLWFuZC1wb3J0YWJpbGl0eS10by1ncmVlbi1oeWRyb2dlbi8xMDczNzY0MzY?oc=5,"['##A', '##uto']",POSITIVE,0.9814630746841431,2024-01-29/2024-02-04
2024-01-31 12:22:06+00:00,Hygenco to invest $2.5 bn over 3 years to set up Green Hydrogen projects in India - ETEnergyWorld,https://news.google.com/rss/articles/CBMilQFodHRwczovL2VuZXJneS5lY29ub21pY3RpbWVzLmluZGlhdGltZXMuY29tL25ld3MvcmVuZXdhYmxlL2h5Z2VuY28tdG8taW52ZXN0LTItNS1ibi1vdmVyLTMteWVhcnMtdG8tc2V0LXVwLWdyZWVuLWh5ZHJvZ2VuLXByb2plY3RzLWluLWluZGlhLzEwNzI5NTc2NNIBAA?oc=5,"['##gen', '##co', 'H', '##ydro', '##gen', '##E', '##ner', '##gy', '##W', '##or', '##ld']",NEGATIVE,0.7834759950637817,2024-01-29/2024-02-04
2024-02-02 12:49:24+00:00,"Maharashtra Spearheads Green Energy Revolution with ₹2,76300 Crore Investment and 63900 Jobs in Green ... - SolarQuarter",https://news.google.com/rss/articles/CBMipgFodHRwczovL3NvbGFycXVhcnRlci5jb20vMjAyNC8wMi8wMi9tYWhhcmFzaHRyYS1zcGVhcmhlYWRzLWdyZWVuLWVuZXJneS1yZXZvbHV0aW9uLXdpdGgtJUUyJTgyJUI5Mjc2MzAwLWNyb3JlLWludmVzdG1lbnQtYW5kLTYzOTAwLWpvYnMtaW4tZ3JlZW4taHlkcm9nZW4taW5pdGlhdGl2ZXMv0gEA?oc=5,"['S', '##pear', 'Green', 'Energy', 'Revolution', 'Investment', '##Q', '##ua']",POSITIVE,0.9986374974250793,2024-01-29/2024-02-04
2024-01-30 12:43:07+00:00,"NTPC Green Energy to invest ₹80,000 cr for Maharashtra projects | Mint - Mint",https://news.google.com/rss/articles/CBMicGh0dHBzOi8vd3d3LmxpdmVtaW50LmNvbS9uZXdzL250cGMtZ3JlZW4tZW5lcmd5LXRvLWludmVzdC04MC0wMDAtY3ItZm9yLW1haGFyYXNodHJhLXByb2plY3RzLTExNzA2NjE4MjEwNzEzLmh0bWzSAXRodHRwczovL3d3dy5saXZlbWludC5jb20vbmV3cy9udHBjLWdyZWVuLWVuZXJneS10by1pbnZlc3QtODAtMDAwLWNyLWZvci1tYWhhcmFzaHRyYS1wcm9qZWN0cy9hbXAtMTE3MDY2MTgyMTA3MTMuaHRtbA?oc=5,"['##TP', '##C', 'Green', 'Energy']",NEGATIVE,0.9114206433296204,2024-01-29/2024-02-04
2024-02-03 06:51:49+00:00,"Lhyfe to Start Construction of 10 MW Green Hydrogen Plant in Brake, Germany - Europe - Energetica India ",https://news.google.com/rss/articles/CBMicGh0dHBzOi8vd3d3LmVuZXJnZXRpY2EtaW5kaWEubmV0L25ld3MvbGh5ZmUtdG8tc3RhcnQtY29uc3RydWN0aW9uLW9mLTEwLW13LWdyZWVuLWh5ZHJvZ2VuLXBsYW50LWluLWJyYWtlLWdlcm1hbnnSAQA?oc=5,"['##hy', '##fe', 'to', 'Start', 'Construction', 'H', '##ydro', '##gen', 'Plant', '##ica']",POSITIVE,0.9402268528938293,2024-01-29/2024-02-04
2024-02-05 11:37:56+00:00,Lhyfe and SAF+ Unite in Venture to Spearhead Hydrogen-Derived Fuel Advancements - ChemAnalyst,https://news.google.com/rss/articles/CBMiiQFodHRwczovL3d3dy5jaGVtYW5hbHlzdC5jb20vTmV3c0FuZERlYWxzL05ld3NEZXRhaWxzL2xoeWZlLWFuZC1zYWYtdW5pdGUtaW4tdmVudHVyZS10by1zcGVhcmhlYWQtaHlkcm9nZW4tZGVyaXZlZC1mdWVsLWFkdmFuY2VtZW50cy0yNDk5MdIBAA?oc=5,"['##hy', '##fe', '##F', '##pear', '##head', '##em', '##A', '##nal', '##ys', '##t']",POSITIVE,0.9983800649642944,2024-02-05/2024-02-11
2024-02-02 10:45:01+00:00,"Maharashtra signs MoUs worth over Rs 2,763 billion for green hydrogen projects - Power Line Magazine - Power Line Magazine",https://news.google.com/rss/articles/CBMicmh0dHBzOi8vcG93ZXJsaW5lLm5ldC5pbi8yMDI0LzAyLzAyL21haGFyYXNodHJhLXNpZ25zLW1vdXMtd29ydGgtb3Zlci1ycy0yNzYzLWJpbGxpb24tZm9yLWdyZWVuLWh5ZHJvZ2VuLXByb2plY3RzL9IBAA?oc=5,"['Line', 'Magazine', 'Line', 'Magazine']",NEGATIVE,0.9719505906105042,2024-01-29/2024-02-04
2023-12-21 08:00:00+00:00,34 Companies Bid for Green Hydrogen Subsidies in India - India Briefing,https://news.google.com/rss/articles/CBMiigFodHRwczovL3d3dy5pbmRpYS1icmllZmluZy5jb20vbmV3cy9pbmRpYS1zZWVzLW51bWVyb3VzLWJpZHMtZm9yLWdvdmVybm1lbnQtaW5jZW50aXZlcy11bmRlci11czItYmlsbGlvbi1ncmVlbi1oeWRyb2dlbi1zY2hlbWUtMzA2MDkuaHRtbC_SAQA?oc=5,"['H', '##ydro', '##gen', 'Sub']",NEGATIVE,0.8397874236106873,2023-12-18/2023-12-24
2024-02-06 09:00:02+00:00,Busting hydrogen myths: Cost | Hydrogen - gasworld,https://news.google.com/rss/articles/CBMiS2h0dHBzOi8vd3d3Lmdhc3dvcmxkLmNvbS9zdG9yeS9idXN0aW5nLWh5ZHJvZ2VuLW15dGhzLWNvc3QvMjEzMzU0MS5hcnRpY2xlL9IBAA?oc=5,[],NEGATIVE,0.9101115465164185,2024-02-05/2024-02-11
2024-02-02 16:10:57+00:00,Govt to provide 50% financial aid to pilot projects using Green Hydrogen in steel sector - PSU Watch,https://news.google.com/rss/articles/CBMieGh0dHBzOi8vcHN1d2F0Y2guY29tL25ld3N1cGRhdGVzL2dvdnQtdG8tcHJvdmlkZS01MC1maW5hbmNpYWwtYWlkLXRvLXBpbG90LXByb2plY3RzLXVzaW5nLWdyZWVuLWh5ZHJvZ2VuLWluLXN0ZWVsLXNlY3RvctIBggFodHRwczovL3BzdXdhdGNoLmNvbS9hbXAvc3RvcnkvbmV3c3VwZGF0ZXMvZ292dC10by1wcm92aWRlLTUwLWZpbmFuY2lhbC1haWQtdG8tcGlsb3QtcHJvamVjdHMtdXNpbmctZ3JlZW4taHlkcm9nZW4taW4tc3RlZWwtc2VjdG9y?oc=5,"['H', '##ydro', '##gen', '##U', 'Watch']",NEGATIVE,0.7174411416053772,2024-01-29/2024-02-04
2024-02-03 08:32:09+00:00,India Launches Green Hydrogen Pilot Projects in Shipping Sector - Asia Pacific - Energetica India ,https://news.google.com/rss/articles/CBMiZWh0dHBzOi8vd3d3LmVuZXJnZXRpY2EtaW5kaWEubmV0L25ld3MvaW5kaWEtbGF1bmNoZXMtZ3JlZW4taHlkcm9nZW4tcGlsb3QtcHJvamVjdHMtaW4tc2hpcHBpbmctc2VjdG9y0gEA?oc=5,"['H', '##ydro', '##gen', 'Pilot', 'Projects', '##er', '##get', '##ica', 'India']",POSITIVE,0.9970332384109497,2024-01-29/2024-02-04
2024-02-03 06:33:12+00:00,Government issues Guidelines for Pilot Projects for utilizing Green Hydrogen in Shipping Sector - Nagaland Tribune,https://news.google.com/rss/articles/CBMie2h0dHBzOi8vbmFnYWxhbmR0cmlidW5lLmluL2dvdmVybm1lbnQtaXNzdWVzLWd1aWRlbGluZXMtZm9yLXBpbG90LXByb2plY3RzLWZvci11dGlsaXppbmctZ3JlZW4taHlkcm9nZW4taW4tc2hpcHBpbmctc2VjdG9yL9IBAA?oc=5,"['H', '##gal', '##and', 'Tribune']",NEGATIVE,0.9583340287208557,2024-01-29/2024-02-04
2024-02-02 02:48:43+00:00,"Budget boost for clean energy: Solar allocation soars to ₹8,500 cr; green hydrogen funding doubles - ETEnergyWorld",https://news.google.com/rss/articles/CBMiowFodHRwczovL2VuZXJneS5lY29ub21pY3RpbWVzLmluZGlhdGltZXMuY29tL25ld3MvcmVuZXdhYmxlL2J1ZGdldC1ib29zdC1mb3ItY2xlYW4tZW5lcmd5LXNvbGFyLWFsbG9jYXRpb24tc29hcnMtdG8tODUwMC1jci1ncmVlbi1oeWRyb2dlbi1mdW5kaW5nLWRvdWJsZXMvMTA3MzM5ODMw0gEA?oc=5,"['##E', '##ner', '##gy', '##W', '##or']",POSITIVE,0.9542853236198425,2024-01-29/2024-02-04
2024-02-01 11:43:24+00:00,Linde Commences Delivery of Green Hydrogen and Captured Carbon Dioxide to Celanese - ChemAnalyst,https://news.google.com/rss/articles/CBMijQFodHRwczovL3d3dy5jaGVtYW5hbHlzdC5jb20vTmV3c0FuZERlYWxzL05ld3NEZXRhaWxzL2xpbmRlLWNvbW1lbmNlcy1kZWxpdmVyeS1vZi1ncmVlbi1oeWRyb2dlbi1hbmQtY2FwdHVyZWQtY2FyYm9uLWRpb3hpZGUtdG8tY2VsYW5lc2UtMjQ5MjXSAQA?oc=5,"['##ydro', '##em', '##A', '##nal', '##ys']",POSITIVE,0.7738228440284729,2024-01-29/2024-02-04
2024-02-05 14:49:12+00:00,SunHydrogen initiates scale-up of green hydrogen panels in partnership with COTEC - H2 View,https://news.google.com/rss/articles/CBMigAFodHRwczovL3d3dy5oMi12aWV3LmNvbS9zdG9yeS9zdW5oeWRyb2dlbi1pbml0aWF0ZXMtc2NhbGUtdXAtb2YtZ3JlZW4taHlkcm9nZW4tcGFuZWxzLWluLXBhcnRuZXJzaGlwLXdpdGgtY290ZWMvMjEwNTY0OS5hcnRpY2xlL9IBAA?oc=5,"['##H', '##ydro', '##gen', 'View']",POSITIVE,0.994105339050293,2024-02-05/2024-02-11
2024-01-30 02:03:38+00:00,Maharashtra govt signs MOUs with 7 companies for green hydrogen production - Business Standard,https://news.google.com/rss/articles/CBMijgFodHRwczovL3d3dy5idXNpbmVzcy1zdGFuZGFyZC5jb20vaW5kdXN0cnkvbmV3cy9tYWhhcmFzaHRyYS1nb3Z0LXNpZ25zLW1vdXMtd2l0aC03LWNvbXBhbmllcy1mb3ItZ3JlZW4taHlkcm9nZW4tcHJvZHVjdGlvbi0xMjQwMTMwMDAwMzVfMS5odG1s0gGSAWh0dHBzOi8vd3d3LmJ1c2luZXNzLXN0YW5kYXJkLmNvbS9hbXAvaW5kdXN0cnkvbmV3cy9tYWhhcmFzaHRyYS1nb3Z0LXNpZ25zLW1vdXMtd2l0aC03LWNvbXBhbmllcy1mb3ItZ3JlZW4taHlkcm9nZW4tcHJvZHVjdGlvbi0xMjQwMTMwMDAwMzVfMS5odG1s?oc=5,[],NEGATIVE,0.8584206700325012,2024-01-29/2024-02-04
2024-01-30 08:10:07+00:00,"NTPC Green Energy inks MoU with Maharashtra Govt for green hydrogen projects Worth ₹80,000 crore - ETEnergyWorld",https://news.google.com/rss/articles/CBMingFodHRwczovL2VuZXJneS5lY29ub21pY3RpbWVzLmluZGlhdGltZXMuY29tL25ld3MvcmVuZXdhYmxlL250cGMtZ3JlZW4tZW5lcmd5LWlua3MtbW91LXdpdGgtbWFoYXJhc2h0cmEtZm9yLWdyZWVuLWh5ZHJvZ2VuLXByb2plY3RzLXdvcnRoLTgwMDAwLWNyb3JlLzEwNzI1NTgwN9IBAA?oc=5,"['##TP', '##C', 'Green', 'Energy', 'Govt', '##E', '##ner', '##gy', '##W', '##or']",NEGATIVE,0.7586340308189392,2024-01-29/2024-02-04
2024-01-29 01:43:42+00:00,"ReNew proposes to invest Rs 26,400 crore for green hydrogen project in Kerala - ETEnergyWorld",https://news.google.com/rss/articles/CBMikQFodHRwczovL2VuZXJneS5lY29ub21pY3RpbWVzLmluZGlhdGltZXMuY29tL25ld3MvcmVuZXdhYmxlL3JlbmV3LXByb3Bvc2VzLXRvLWludmVzdC1ycy0yNjQwMC1jcm9yZS1mb3ItZ3JlZW4taHlkcm9nZW4tcHJvamVjdC1pbi1rZXJhbGEvMTA3MjEzNTIw0gEA?oc=5,"['##N', '##ew', '##E', '##ner', '##gy', '##W', '##or', '##ld']",NEGATIVE,0.7336315512657166,2024-01-29/2024-02-04
2024-02-02 02:57:05+00:00,Lhyfe begins construction of 10 MW green hydrogen plant in Lower Saxony - ETN News,https://news.google.com/rss/articles/CBMiS2h0dHBzOi8vZXRuLm5ld3MvYnV6ei9saHlmZS1ncmVlbi1oeWRyb2dlbi1wbGFudC1icmFrZS1sb3dlci1zYXhvbnktZ2VybWFuedIBVmh0dHBzOi8vZXRuLm5ld3MvYnV6ei9saHlmZS1ncmVlbi1oeWRyb2dlbi1wbGFudC1icmFrZS1sb3dlci1zYXhvbnktZ2VybWFueT9mb3JtYXQ9YW1w?oc=5,"['##hy', '##fe', '##N', 'News']",POSITIVE,0.5088430643081665,2024-01-29/2024-02-04
2024-02-03 07:47:00+00:00,Government of India Unveils Guidelines for Green Hydrogen Pilot Projects in Steel Sector - Asia Pacific - Energetica India ,https://news.google.com/rss/articles/CBMifmh0dHBzOi8vd3d3LmVuZXJnZXRpY2EtaW5kaWEubmV0L25ld3MvZ292ZXJubWVudC1vZi1pbmRpYS11bnZlaWxzLWd1aWRlbGluZXMtZm9yLWdyZWVuLWh5ZHJvZ2VuLXBpbG90LXByb2plY3RzLWluLXN0ZWVsLXNlY3RvctIBAA?oc=5,"['of', 'India', 'H', '##ydro', '##gen', 'Pilot', 'Projects', '##er', '##get', '##ica', 'India']",POSITIVE,0.9957038760185242,2024-01-29/2024-02-04
2024-02-05 12:32:00+00:00,Kraft Heinz to build its first green hydrogen plant to power UK ops - Renewables Now,https://news.google.com/rss/articles/CBMiamh0dHBzOi8vcmVuZXdhYmxlc25vdy5jb20vbmV3cy9rcmFmdC1oZWluei10by1idWlsZC1pdHMtZmlyc3QtZ3JlZW4taHlkcm9nZW4tcGxhbnQtdG8tcG93ZXItdWstb3BzLTg0NzY4NS_SAQA?oc=5,"['##raft', 'Heinz', '##wab', '##les', 'Now']",POSITIVE,0.9951960444450378,2024-02-05/2024-02-11
2024-02-02 11:53:17+00:00,Germany and EU Invest Over €1 Billion to Propel Global Green Hydrogen Economy - SolarQuarter,https://news.google.com/rss/articles/CBMicmh0dHBzOi8vc29sYXJxdWFydGVyLmNvbS8yMDI0LzAyLzAyL2dlcm1hbnktYW5kLWV1LWludmVzdC1vdmVyLWUxLWJpbGxpb24tdG8tcHJvcGVsLWdsb2JhbC1ncmVlbi1oeWRyb2dlbi1lY29ub215L9IBAA?oc=5,"['##Q', '##ua']",POSITIVE,0.980610728263855,2024-01-29/2024-02-04
2024-02-03 06:31:46+00:00,"Jakson Green, NTPC Commence Work on World's Largest Green Hydrogen Fueling Station - Asia Pacific - Energetica India ",https://news.google.com/rss/articles/CBMidmh0dHBzOi8vd3d3LmVuZXJnZXRpY2EtaW5kaWEubmV0L25ld3MvamFrc29uLWdyZWVuLW50cGMtY29tbWVuY2Utd29yay1vbi13b3JsZHMtbGFyZ2VzdC1ncmVlbi1oeWRyb2dlbi1mdWVsaW5nLXN0YXRpb27SAQA?oc=5,"['##TP', '##C', '##er', '##ica']",POSITIVE,0.9872085452079773,2024-01-29/2024-02-04
2024-02-03 16:54:39+00:00,"SAF, Green Hydrogen, CCUS likely to be in spotlight at IEW 2024: EIL CMD - PSU Watch",https://news.google.com/rss/articles/CBMiZmh0dHBzOi8vcHN1d2F0Y2guY29tL25ld3N1cGRhdGVzL3NhZi1ncmVlbi1oeWRyb2dlbi1jY3VzLWxpa2VseS10by1iZS1pbi1zcG90bGlnaHQtYXQtaWV3LTIwMjQtZWlsLWNtZNIBcGh0dHBzOi8vcHN1d2F0Y2guY29tL2FtcC9zdG9yeS9uZXdzdXBkYXRlcy9zYWYtZ3JlZW4taHlkcm9nZW4tY2N1cy1saWtlbHktdG8tYmUtaW4tc3BvdGxpZ2h0LWF0LWlldy0yMDI0LWVpbC1jbWQ?oc=5,"['##F', 'H', '##ydro', '##gen', '##E', '##W', '##U', 'Watch']",NEGATIVE,0.9647291898727417,2024-01-29/2024-02-04
2024-02-01 13:08:18+00:00,Electrolyzer Technologies That Can Drive Green Hydrogen Success - EE Times Europe,https://news.google.com/rss/articles/CBMiV2h0dHBzOi8vd3d3LmVldGltZXMuZXUvZWxlY3Ryb2x5emVyLXRlY2hub2xvZ2llcy10aGF0LWNhbi1kcml2ZS1ncmVlbi1oeWRyb2dlbi1zdWNjZXNzL9IBAA?oc=5,"['##ec', '##tro', '##ly', '##zer', 'Technologies', '##E', 'Times', 'Europe']",POSITIVE,0.9755404591560364,2024-01-29/2024-02-04
2024-01-31 19:31:44+00:00,"Rooftop solar, green hydrogen, offshore wind, green energy corridor may find mention in FM's Budget speech - Moneycontrol",https://news.google.com/rss/articles/CBMipgFodHRwczovL3d3dy5tb25leWNvbnRyb2wuY29tL25ld3MvYnVzaW5lc3MvYnVkZ2V0L3Jvb2Z0b3Atc29sYXItZ3JlZW4taHlkcm9nZW4tb2Zmc2hvcmUtd2luZC1ncmVlbi1lbmVyZ3ktY29ycmlkb3ItbWF5LWZpbmQtbWVudGlvbi1pbi1mbXMtYnVkZ2V0LXNwZWVjaC0xMjE2MTQwMS5odG1s0gGqAWh0dHBzOi8vd3d3Lm1vbmV5Y29udHJvbC5jb20vbmV3cy9idXNpbmVzcy9idWRnZXQvcm9vZnRvcC1zb2xhci1ncmVlbi1oeWRyb2dlbi1vZmZzaG9yZS13aW5kLWdyZWVuLWVuZXJneS1jb3JyaWRvci1tYXktZmluZC1tZW50aW9uLWluLWZtcy1idWRnZXQtc3BlZWNoLTEyMTYxNDAxLmh0bWwvYW1w?oc=5,[],NEGATIVE,0.9600421190261841,2024-01-29/2024-02-04
2024-02-05 21:43:04+00:00,Reducing costs - The key to leveraging green hydrogen on the road to net zero - Hydrogen Central,https://news.google.com/rss/articles/CBMiaWh0dHBzOi8vaHlkcm9nZW4tY2VudHJhbC5jb20vcmVkdWNpbmctY29zdHMtdGhlLWtleS10by1sZXZlcmFnaW5nLWdyZWVuLWh5ZHJvZ2VuLW9uLXRoZS1yb2FkLXRvLW5ldC16ZXJvL9IBAA?oc=5,"['##gen', 'Central']",NEGATIVE,0.982272744178772,2024-02-05/2024-02-11
2024-02-02 17:10:12+00:00,Govt unveils guidelines for supporting pilot projects using Green Hydrogen in shipping sector - PSU Watch,https://news.google.com/rss/articles/CBMifmh0dHBzOi8vcHN1d2F0Y2guY29tL25ld3N1cGRhdGVzL2dvdnQtdW52ZWlscy1ndWlkZWxpbmVzLWZvci1zdXBwb3J0aW5nLXBpbG90LXByb2plY3RzLXVzaW5nLWdyZWVuLWh5ZHJvZ2VuLWluLXNoaXBwaW5nLXNlY3RvctIBiAFodHRwczovL3BzdXdhdGNoLmNvbS9hbXAvc3RvcnkvbmV3c3VwZGF0ZXMvZ292dC11bnZlaWxzLWd1aWRlbGluZXMtZm9yLXN1cHBvcnRpbmctcGlsb3QtcHJvamVjdHMtdXNpbmctZ3JlZW4taHlkcm9nZW4taW4tc2hpcHBpbmctc2VjdG9y?oc=5,"['H', '##ydro', '##gen', '##U', 'Watch']",POSITIVE,0.8409566283226013,2024-01-29/2024-02-04
2024-02-05 08:47:52+00:00,Green Hydrogen – Shipping and Steel Sectors - INSIGHTSIAS - Insights IAS,https://news.google.com/rss/articles/CBMiVWh0dHBzOi8vd3d3Lmluc2lnaHRzb25pbmRpYS5jb20vMjAyNC8wMi8wNS9ncmVlbi1oeWRyb2dlbi1zaGlwcGluZy1hbmQtc3RlZWwtc2VjdG9ycy_SAQA?oc=5,"['H', '##ydro', '##gen', '–', 'Shipping', 'and', 'Steel', 'Sector', '##HT', '##SI', '##AS']",POSITIVE,0.994936466217041,2024-02-05/2024-02-11
2024-01-30 02:38:04+00:00,State signs MoUs for green hydrogen projects and steel plant - Hindustan Times,https://news.google.com/rss/articles/CBMigwFodHRwczovL3d3dy5oaW5kdXN0YW50aW1lcy5jb20vY2l0aWVzL211bWJhaS1uZXdzL3N0YXRlLXNpZ25zLW1vdXMtZm9yLWdyZWVuLWh5ZHJvZ2VuLXByb2plY3RzLWFuZC1zdGVlbC1wbGFudC0xMDE3MDY1NTU3NzE2MzEuaHRtbNIBhwFodHRwczovL3d3dy5oaW5kdXN0YW50aW1lcy5jb20vY2l0aWVzL211bWJhaS1uZXdzL3N0YXRlLXNpZ25zLW1vdXMtZm9yLWdyZWVuLWh5ZHJvZ2VuLXByb2plY3RzLWFuZC1zdGVlbC1wbGFudC0xMDE3MDY1NTU3NzE2MzEtYW1wLmh0bWw?oc=5,"['##tan', 'Times']",NEGATIVE,0.9557444453239441,2024-01-29/2024-02-04
2024-02-05 14:31:37+00:00,Abu Dhabi government and HYCAP to build green hydrogen complex - Investment Monitor,https://news.google.com/rss/articles/CBMiZWh0dHBzOi8vd3d3LmludmVzdG1lbnRtb25pdG9yLmFpL25ld3MvYWJ1LWRoYWJpLWdvdmVybm1lbnQtYW5kLWh5Y2FwLXRvLWJ1aWxkLWdyZWVuLWh5ZHJvZ2VuLWNvbXBsZXgv0gEA?oc=5,"['##CA', '##P']",POSITIVE,0.9103285074234009,2024-02-05/2024-02-11
2024-02-02 12:20:55+00:00,H2V to Integrate Vallourec’s Hydrogen Storage System into Green Hydrogen Projects - Europe - Energetica India ,https://news.google.com/rss/articles/CBMidmh0dHBzOi8vd3d3LmVuZXJnZXRpY2EtaW5kaWEubmV0L25ld3MvaDJ2LXRvLWludGVncmF0ZS12YWxsb3VyZWNzLWh5ZHJvZ2VuLXN0b3JhZ2Utc3lzdGVtLWludG8tZ3JlZW4taHlkcm9nZW4tcHJvamVjdHPSAQA?oc=5,"['##lour', '##ec', '##ydro', 'H', '##ydro', '##er', '##get', '##ica']",POSITIVE,0.9951038360595703,2024-01-29/2024-02-04
2024-02-02 17:07:00+00:00,Govt issues guidelines for pilot projects on utilizing green hydrogen in shipping sector - ANI News,https://news.google.com/rss/articles/CBMimAFodHRwczovL3d3dy5hbmluZXdzLmluL25ld3MvbmF0aW9uYWwvZ2VuZXJhbC1uZXdzL2dvdnQtaXNzdWVzLWd1aWRlbGluZXMtZm9yLXBpbG90LXByb2plY3RzLW9uLXV0aWxpemluZy1ncmVlbi1oeWRyb2dlbi1pbi1zaGlwcGluZy1zZWN0b3IyMDI0MDIwMjIyMzczOdIBAA?oc=5,"['##I', 'News']",NEGATIVE,0.9747695922851562,2024-01-29/2024-02-04
2024-02-02 11:09:00+00:00,Egypt launches 55% tax credit to boost green hydrogen production - ETN News,https://news.google.com/rss/articles/CBMiTGh0dHBzOi8vZXRuLm5ld3MvaWVzYS1jb250YWN0cy1tZW51LzY4MDQtZWd5cHQtdGF4LWluY2VudGl2ZXMtZ3JlZW4taHlkcm9nZW7SAQA?oc=5,"['##N', 'News']",POSITIVE,0.8805380463600159,2024-01-29/2024-02-04
2024-01-30 14:31:23+00:00,Omega Seiki Mobility’s group co to launch hydrogen powered 3-wheelers - The Economic Times,https://news.google.com/rss/articles/CBMijgFodHRwczovL20uZWNvbm9taWN0aW1lcy5jb20vaW5kdXN0cnkvcmVuZXdhYmxlcy9vbWVnYS1zZWlraS1tb2JpbGl0eXMtZ3JvdXAtY28tdG8tbGF1bmNoLWh5ZHJvZ2VuLXBvd2VyZWQtMy13aGVlbGVycy9hcnRpY2xlc2hvdy8xMDcyNjc5MTQuY21z0gGSAWh0dHBzOi8vbS5lY29ub21pY3RpbWVzLmNvbS9pbmR1c3RyeS9yZW5ld2FibGVzL29tZWdhLXNlaWtpLW1vYmlsaXR5cy1ncm91cC1jby10by1sYXVuY2gtaHlkcm9nZW4tcG93ZXJlZC0zLXdoZWVsZXJzL2FtcF9hcnRpY2xlc2hvdy8xMDcyNjc5MTQuY21z?oc=5,"['Se', '##iki', 'Mo', '##bility', 'Economic', 'Times']",POSITIVE,0.97713702917099,2024-01-29/2024-02-04
2024-01-31 11:03:46+00:00,NGEL Inks MoU with Maharashtra for Green Hydrogen Projects - SMEStreet,https://news.google.com/rss/articles/CBMiYWh0dHBzOi8vc21lc3RyZWV0LmluL2xpbWVsaWdodC9uZ2VsLWlua3MtbW91LXdpdGgtbWFoYXJhc2h0cmEtZm9yLWdyZWVuLWh5ZHJvZ2VuLXByb2plY3RzLTI0MDkxMjPSAWFodHRwczovL3NtZXN0cmVldC5pbi9saW1lbGlnaHQvbmdlbC1pbmtzLW1vdS13aXRoLW1haGFyYXNodHJhLWZvci1ncmVlbi1oeWRyb2dlbi1wcm9qZWN0cy0yNDA5MTIz?oc=5,"['##GE', '##L', 'In', '##ks', 'Mo', '##U', 'H', '##ydro', '##gen', '##ES', '##tree']",NEGATIVE,0.9867699146270752,2024-01-29/2024-02-04
2024-01-30 05:56:22+00:00,The Hydrogen Stream: India's Maharashtra signs MoUs for green hydrogen projects worth over $33.2 billion - pv magazine India,https://news.google.com/rss/articles/CBMikwFodHRwczovL3d3dy5wdi1tYWdhemluZS1pbmRpYS5jb20vMjAyNC8wMS8zMC90aGUtaHlkcm9nZW4tc3RyZWFtLWluZGlhcy1tYWhhcmFzaHRyYS1zaWducy1tb3VzLWZvci1ncmVlbi1oeWRyb2dlbi1wcm9qZWN0cy13b3J0aC1vdmVyLTMzLTItYmlsbGlvbi_SAQA?oc=5,[],POSITIVE,0.6316239833831787,2024-01-29/2024-02-04
2024-02-06 07:01:20+00:00,#MI24: Green hydrogen is not coming to save the PGM industry - Bizcommunity.com,https://news.google.com/rss/articles/CBMiYmh0dHBzOi8vd3d3LmJpemNvbW11bml0eS5jb20vYXJ0aWNsZS9ncmVlbi1oeWRyb2dlbi1pcy1ub3QtY29taW5nLXRvLXNhdmUtdGhlLXBnbS1pbmR1c3RyeS0wMTIxOTVh0gEA?oc=5,"['##com', '##mu', '##nity']",NEGATIVE,0.9996669292449951,2024-02-05/2024-02-11
2024-02-02 07:28:32+00:00,"ONEE, Nareva, & GE Vernova Partner for Africa's 1st Green Hydrogen Transition in Laâyoune - ChemAnalyst",https://news.google.com/rss/articles/CBMikAFodHRwczovL3d3dy5jaGVtYW5hbHlzdC5jb20vTmV3c0FuZERlYWxzL05ld3NEZXRhaWxzL29uZWUtbmFyZXZhLWdlLXZlcm5vdmEtcGFydG5lci1mb3ItYWZyaWNhcy0xc3QtZ3JlZW4taHlkcm9nZW4tdHJhbnNpdGlvbi1pbi1sYWF5b3VuZS0tMjQ5MzfSAQA?oc=5,"['##E', '##re', '##va', ',', '&', 'GE', 'V', '##ern', '##ova', '##em', '##A', '##nal', '##ys', '##t']",POSITIVE,0.9848463535308838,2024-01-29/2024-02-04
2024-02-02 08:30:00+00:00,Chart: Which countries are leading the green hydrogen race? - Canary Media,https://news.google.com/rss/articles/CBMiZ2h0dHBzOi8vd3d3LmNhbmFyeW1lZGlhLmNvbS9hcnRpY2xlcy9oeWRyb2dlbi9jaGFydC13aGljaC1jb3VudHJpZXMtYXJlLWxlYWRpbmctdGhlLWdyZWVuLWh5ZHJvZ2VuLXJhY2XSAQA?oc=5,['Media'],NEGATIVE,0.9927918910980225,2024-01-29/2024-02-04
2024-02-05 10:52:54+00:00,Kraft Heinz and Carlton Power partner on £40m green hydrogen plant - FoodBev.com,https://news.google.com/rss/articles/CBMiX2h0dHBzOi8vd3d3LmZvb2RiZXYuY29tL25ld3Mva3JhZnQtaGVpbnotYW5kLWNhcmx0b24tcG93ZXItcGFydG5lci1vbi00MG0tZ3JlZW4taHlkcm9nZW4tcGxhbnQv0gEA?oc=5,"['##raft', 'Heinz', 'Power', '##B', '##ev', 'com']",NEGATIVE,0.8843528032302856,2024-02-05/2024-02-11
2024-01-31 03:53:17+00:00,NTPC Green Energy Limited Enters Agreement with Maharashtra Government for Green Hydrogen Development - SolarQuarter,https://news.google.com/rss/articles/CBMiigFodHRwczovL3NvbGFycXVhcnRlci5jb20vMjAyNC8wMS8zMS9udHBjLWdyZWVuLWVuZXJneS1saW1pdGVkLWVudGVycy1hZ3JlZW1lbnQtd2l0aC1tYWhhcmFzaHRyYS1nb3Zlcm5tZW50LWZvci1ncmVlbi1oeWRyb2dlbi1kZXZlbG9wbWVudC_SAQA?oc=5,"['##TP', '##C', 'Green', 'Energy', 'Limited', 'En', '##ters', 'Government', 'H', '##ydro', '##gen', 'Development', '##Q', '##ua', '##rter']",POSITIVE,0.8345790505409241,2024-01-29/2024-02-04
2024-02-01 13:34:09+00:00,Gujarat ready to emerge as global leader in green hydrogen production Guv Devvrat in Assembly - The Week,https://news.google.com/rss/articles/CBMiUmh0dHBzOi8vd3d3LnRoZXdlZWsuaW4vd2lyZS11cGRhdGVzL25hdGlvbmFsLzIwMjQvMDIvMDEvYm9tMjAtZ2otYXNzZW1ibHktZ3V2Lmh0bWzSAVZodHRwczovL3d3dy50aGV3ZWVrLmluL3dpcmUtdXBkYXRlcy9uYXRpb25hbC8yMDI0LzAyLzAxL2JvbTIwLWdqLWFzc2VtYmx5LWd1di5hbXAuaHRtbA?oc=5,[],POSITIVE,0.9978088736534119,2024-01-29/2024-02-04
2024-02-05 20:23:37+00:00,Zaha Hadid Architects and NatPower H to Create First Green Hydrogen Network for Boats - Hydrogen Central,https://news.google.com/rss/articles/CBMic2h0dHBzOi8vaHlkcm9nZW4tY2VudHJhbC5jb20vemFoYS1oYWRpZC1hcmNoaXRlY3RzLWFuZC1uYXRwb3dlci1oLXRvLWNyZWF0ZS1maXJzdC1ncmVlbi1oeWRyb2dlbi1uZXR3b3JrLWZvci1ib2F0cy_SAQA?oc=5,"['##ah', '##a', 'Had', '##id', 'Architects', '##P', '##ow', '##er', 'H', 'Green', 'H', '##ydro', '##gen', 'Network', 'for', 'Boat', '##s', '##gen', 'Central']",POSITIVE,0.9930360913276672,2024-02-05/2024-02-11
2024-02-05 21:42:59+00:00,Kraft Heinz Partners With Carlton Power to Deliver Company's First-Ever Renewable Green Hydrogen Project in the UK - Hydrogen Central,https://news.google.com/rss/articles/CBMijwFodHRwczovL2h5ZHJvZ2VuLWNlbnRyYWwuY29tL2tyYWZ0LWhlaW56LXBhcnRuZXJzLXdpdGgtY2FybHRvbi1wb3dlci10by1kZWxpdmVyLWNvbXBhbnlzLWZpcnN0LWV2ZXItcmVuZXdhYmxlLWdyZWVuLWh5ZHJvZ2VuLXByb2plY3QtaW4tdGhlLXVrL9IBAA?oc=5,"['##raft', 'Heinz', 'Partners', 'Power', 'Del', '##iver', 'Company', '##gen', 'Central']",POSITIVE,0.996782660484314,2024-02-05/2024-02-11
2024-02-05 06:03:00+00:00,NTPC plans renewables-heavy hydrogen project in Maharashtra - Renewables Now,https://news.google.com/rss/articles/CBMiYmh0dHBzOi8vcmVuZXdhYmxlc25vdy5jb20vbmV3cy9udHBjLXBsYW5zLXJlbmV3YWJsZXMtaGVhdnktaHlkcm9nZW4tcHJvamVjdC1pbi1tYWhhcmFzaHRyYS04NDc1OTIv0gEA?oc=5,"['##TP', '##C', '##wab', '##les', 'Now']",POSITIVE,0.9967202544212341,2024-02-05/2024-02-11
2024-02-05 10:57:46+00:00,Kraft Heinz partners with Carlton Power to deliver new green hydrogen project in the UK - Renewable Energy Magazine,https://news.google.com/rss/articles/CBMiZGh0dHBzOi8vd3d3LnJlbmV3YWJsZWVuZXJneW1hZ2F6aW5lLmNvbS9oeWRyb2dlbi9rcmFmdC1oZWluei1wYXJ0bmVycy13aXRoLWNhcmx0b24tcG93ZXItdG8tMjAyNDAyMDXSAQA?oc=5,"['##raft', 'Heinz', 'Power', '##wab', '##le', 'Energy', 'Magazine']",POSITIVE,0.9925665855407715,2024-02-05/2024-02-11
2024-02-05 18:23:35+00:00,SunHydrogen and COTEC of South Korea Advance to Next Phase of Production for 1m² Green Hydrogen Panels - Hydrogen Central,https://news.google.com/rss/articles/CBMiiQFodHRwczovL2h5ZHJvZ2VuLWNlbnRyYWwuY29tL3N1bmh5ZHJvZ2VuLWFuZC1jb3RlYy1vZi1zb3V0aC1rb3JlYS1hZHZhbmNlLXRvLW5leHQtcGhhc2Utb2YtcHJvZHVjdGlvbi1mb3ItMW0lQzIlQjItZ3JlZW4taHlkcm9nZW4tcGFuZWxzL9IBAA?oc=5,"['##H', '##ydro', '##gen', '##TE', '##C', 'of', 'South', '##gen', 'Central']",POSITIVE,0.9884598255157471,2024-02-05/2024-02-11
2024-02-02 08:00:00+00:00,Lhyfe Starts Building a New Green Hydrogen Production Plant in Germany - DirectIndustry e-Magazine,https://news.google.com/rss/articles/CBMicmh0dHBzOi8vZW1hZy5kaXJlY3RpbmR1c3RyeS5jb20vMjAyNC8wMi8wMi9saHlmZS1zdGFydHMtYnVpbGRpbmctYS1uZXctZ3JlZW4taHlkcm9nZW4tcHJvZHVjdGlvbi1wbGFudC1pbi1nZXJtYW55L9IBAA?oc=5,"['##hy', '##fe', '##I', '##nd', '##ust', '##ry', 'e']",NEGATIVE,0.6557571291923523,2024-01-29/2024-02-04
2024-01-31 06:25:28+00:00,Budget 2024 | Expectations for green growth and technology - CNBCTV18,https://news.google.com/rss/articles/CBMibmh0dHBzOi8vd3d3LmNuYmN0djE4LmNvbS9lY29ub215L2J1ZGdldC0yMDI0LWV4cGVjdGF0aW9ucy1mb3ItZ3JlZW4tZ3Jvd3RoLWFuZC10ZWNobm9sb2d5LW15cGxhbjgtMTg5MjkzOTEuaHRt0gFyaHR0cHM6Ly93d3cuY25iY3R2MTguY29tL2Vjb25vbXkvYnVkZ2V0LTIwMjQtZXhwZWN0YXRpb25zLWZvci1ncmVlbi1ncm93dGgtYW5kLXRlY2hub2xvZ3ktbXlwbGFuOC0xODkyOTM5MS5odG0vYW1w?oc=5,"['##NBC', '##TV']",POSITIVE,0.7056128978729248,2024-01-29/2024-02-04
2024-02-05 18:23:35+00:00,Tecnimont (MAIRE) awarded a Front-End-Engineering Design for an integrated green hydrogen and ammonia plant in ... - Hydrogen Central,https://news.google.com/rss/articles/CBMikwFodHRwczovL2h5ZHJvZ2VuLWNlbnRyYWwuY29tL3RlY25pbW9udC1tYWlyZS1hd2FyZGVkLWEtZnJvbnQtZW5kLWVuZ2luZWVyaW5nLWRlc2lnbi1mb3ItYW4taW50ZWdyYXRlZC1ncmVlbi1oeWRyb2dlbi1hbmQtYW1tb25pYS1wbGFudC1pbi1wb3J0dWdhbC_SAQA?oc=5,"['##c', '##ni', '##mont', '##IR', '##E', '##ydro', '##gen', 'Central']",POSITIVE,0.9741766452789307,2024-02-05/2024-02-11
2024-02-01 16:10:31+00:00,Lhyfe to build green hydrogen plant in northern Germany - ChemEngOnline,https://news.google.com/rss/articles/CBMiVmh0dHBzOi8vd3d3LmNoZW1lbmdvbmxpbmUuY29tL2xoeWZlLXRvLWJ1aWxkLWdyZWVuLWh5ZHJvZ2VuLXBsYW50LWluLW5vcnRoZXJuLWdlcm1hbnkv0gEA?oc=5,"['##hy', '##fe', '##em', '##E', '##ng', '##O', '##n']",POSITIVE,0.5620920062065125,2024-01-29/2024-02-04
2024-02-04 18:29:08+00:00,Electrolysis Reimagined: Turning Renewable Energy Into Green Hydrogen - SciTechDaily,https://news.google.com/rss/articles/CBMiXmh0dHBzOi8vc2NpdGVjaGRhaWx5LmNvbS9lbGVjdHJvbHlzaXMtcmVpbWFnaW5lZC10dXJuaW5nLXJlbmV3YWJsZS1lbmVyZ3ktaW50by1ncmVlbi1oeWRyb2dlbi_SAQA?oc=5,"['Energy', '##i', '##T', '##ail']",NEGATIVE,0.9115272164344788,2024-01-29/2024-02-04
